[
    {
        "type": "SALE",
        "amount": 100.0,
        "date": "2026-01-17T00:05:59.818427",
        "description": "Profit",
        "related_id": null,
        "quantity": 0.0,
        "id": "13316630-fadf-4dd1-9a4e-d9d74dc53eb1"
    },
    {
        "type": "EXPENSE",
        "amount": 50.0,
        "date": "2026-01-17T00:06:15.069902",
        "description": "Expense",
        "related_id": null,
        "quantity": 0.0,
        "id": "e616d5c5-86c1-40a6-95d7-80b5dbe9e576"
    },
    {
        "type": "PURCHASE",
        "amount": 24000.0,
        "description": "2m3 Swedish Wood",
        "category": "Raw Materials",
        "payment_method": "Cash",
        "payment_source": "Company",
        "tax_amount": 0.0,
        "contact_id": "ce9e665a-f30d-438e-a3b9-bbd16cfe8d99",
        "is_paid": true,
        "date": "2025-12-18T00:23:06.421974",
        "related_id": null,
        "quantity": 0.0,
        "id": "2174f741-6e97-4249-a888-2e5239ed98a2"
    },
    {
        "type": "PURCHASE",
        "amount": 5000.0,
        "description": "Paint and thinner",
        "category": "Raw Materials",
        "payment_method": "Cash",
        "payment_source": "Company",
        "tax_amount": 0.0,
        "contact_id": "d4154b57-1a6a-4cfc-8581-6b13a14f7e38",
        "is_paid": true,
        "date": "2025-12-20T00:23:06.422668",
        "related_id": null,
        "quantity": 0.0,
        "id": "3d23a954-f655-4619-bdbd-072f3ef176f2"
    },
    {
        "type": "SALE",
        "amount": 30000.0,
        "description": "Down Payment - Villa Tarek",
        "category": "Project Payment",
        "payment_method": "Cash",
        "payment_source": "Company",
        "tax_amount": 3000.0,
        "contact_id": "d9541ac7-c7c6-4083-b264-72293cf0d699",
        "is_paid": true,
        "date": "2025-12-23T00:23:06.434631",
        "related_id": "dd7af9fc-8555-4d32-a7b0-9245b58f8d48",
        "quantity": 0.0,
        "id": "7f6fa2bc-a3a4-4c5c-919a-b47b2759c417"
    },
    {
        "type": "EXPENSE",
        "amount": 3500.0,
        "description": "Workshop Rent - Jan",
        "category": "Rent",
        "payment_method": "Cash",
        "payment_source": "Company",
        "tax_amount": 0.0,
        "contact_id": null,
        "is_paid": true,
        "date": "2025-12-28T00:23:06.444261",
        "related_id": null,
        "quantity": 0.0,
        "id": "0d3b6d50-4d38-4750-a4be-4432786d6207"
    },
    {
        "type": "PAYROLL",
        "amount": 500.0,
        "description": "Ahmed Advance",
        "category": "Advance",
        "payment_method": "Cash",
        "payment_source": "Company",
        "tax_amount": 0.0,
        "contact_id": "c53e7290-2f47-4831-bcc4-ecf4453a870d",
        "is_paid": true,
        "date": "2026-01-02T00:23:06.457247",
        "related_id": null,
        "quantity": 0.0,
        "id": "a6025635-9d7f-4e2b-a932-846a54a4f854"
    },
    {
        "type": "PURCHASE",
        "amount": 1200.0,
        "description": "Emergency Nails/Glue",
        "category": "Tools",
        "payment_method": "Cash",
        "payment_source": "Personal",
        "tax_amount": 0.0,
        "contact_id": "426f1c45-4134-4f97-95d1-7866a2b324b4",
        "is_paid": true,
        "date": "2026-01-07T00:23:06.470356",
        "related_id": null,
        "quantity": 0.0,
        "id": "879ca203-547d-4eca-99d5-359018c741ab"
    },
    {
        "type": "SALE",
        "amount": 20000.0,
        "description": "2nd Installment - Villa Tarek",
        "category": "Project Payment",
        "payment_method": "Cash",
        "payment_source": "Company",
        "tax_amount": 2000.0,
        "contact_id": "d9541ac7-c7c6-4083-b264-72293cf0d699",
        "is_paid": true,
        "date": "2026-01-12T00:23:06.482317",
        "related_id": "dd7af9fc-8555-4d32-a7b0-9245b58f8d48",
        "quantity": 0.0,
        "id": "9ff396e5-5506-466f-96eb-533a3a5b4024"
    },
    {
        "type": "SALE",
        "amount": 15000.0,
        "description": "Down Payment - Interior Doors",
        "category": "Project Payment",
        "payment_method": "Cash",
        "payment_source": "Company",
        "tax_amount": 1500.0,
        "contact_id": "d1c515ca-3bfc-4565-b887-670082494abe",
        "is_paid": true,
        "date": "2026-01-15T00:23:06.493990",
        "related_id": "05357424-ee1d-437d-8559-dae3b3fb0b50",
        "quantity": 0.0,
        "id": "e6319c25-c843-4360-b30e-5fb70484a56d"
    }
]