{
    "transactions": [
        {
            "id": "3f730c29-327d-4f66-a18f-c374ad2dbebe",
            "date": "2025-10-19",
            "type": "EXPENSE",
            "category": "Rent",
            "description": "Rent - Restock",
            "amount": 254.0,
            "payment_method": "Bank Transfer",
            "payment_source": "Company Account",
            "is_paid": true,
            "tax_amount": 25.400000000000002,
            "contact_id": null,
            "related_id": null
        },
        {
            "id": "c153be37-563f-4958-9d39-c6e1430912ef",
            "date": "2025-10-20",
            "type": "SALE",
            "category": "Repair Service",
            "description": "Repair Service - Service",
            "amount": 4451.0,
            "payment_method": "Bank Transfer",
            "payment_source": "Company Account",
            "is_paid": true,
            "tax_amount": 445.1,
            "contact_id": null,
            "related_id": null
        },
        {
            "id": "0143f50f-2794-4d69-8263-0a940495eaae",
            "date": "2025-10-23",
            "type": "EXPENSE",
            "category": "Utilities",
            "description": "Utilities - Batch A",
            "amount": 569.0,
            "payment_method": "Bank Transfer",
            "payment_source": "Company Account",
            "is_paid": true,
            "tax_amount": 0.0,
            "contact_id": null,
            "related_id": null
        },
        {
            "id": "19d4df48-f429-496b-a71a-7af5529c5603",
            "date": "2025-10-24",
            "type": "SALE",
            "category": "Project Payment",
            "description": "Project Payment - Batch A",
            "amount": 2198.0,
            "payment_method": "Credit Card",
            "payment_source": "Petty Cash",
            "is_paid": true,
            "tax_amount": 219.8,
            "contact_id": null,
            "related_id": null
        },
        {
            "id": "557cd33f-02a7-43b7-9e4a-ae3584722cba",
            "date": "2025-10-28",
            "type": "EXPENSE",
            "category": "Marketing",
            "description": "Marketing - Service",
            "amount": 423.0,
            "payment_method": "Bank Transfer",
            "payment_source": "Company Account",
            "is_paid": true,
            "tax_amount": 42.300000000000004,
            "contact_id": null,
            "related_id": null
        },
        {
            "id": "551ecdc8-360b-4f1a-9aa0-f25e69c4c5fe",
            "date": "2025-10-30",
            "type": "SALE",
            "category": "Repair Service",
            "description": "Repair Service - Restock",
            "amount": 3394.0,
            "payment_method": "Cash",
            "payment_source": "Petty Cash",
            "is_paid": true,
            "tax_amount": 0.0,
            "contact_id": null,
            "related_id": null
        },
        {
            "id": "0f0eb3d4-a703-45d3-ae9b-e4f9ac468210",
            "date": "2025-11-01",
            "type": "SALE",
            "category": "Project Payment",
            "description": "Project Payment - Batch A",
            "amount": 2943.0,
            "payment_method": "Cash",
            "payment_source": "Company Account",
            "is_paid": true,
            "tax_amount": 0.0,
            "contact_id": null,
            "related_id": null
        },
        {
            "id": "5e6cc386-0a61-48e0-9104-309fb1a1637a",
            "date": "2025-11-02",
            "type": "EXPENSE",
            "category": "Utilities",
            "description": "Utilities -  Urgent",
            "amount": 458.0,
            "payment_method": "Cash",
            "payment_source": "Petty Cash",
            "is_paid": true,
            "tax_amount": 45.800000000000004,
            "contact_id": null,
            "related_id": null
        },
        {
            "id": "6ee04a0b-c697-436b-a61e-f725919761a3",
            "date": "2025-11-03",
            "type": "SALE",
            "category": "Consultation",
            "description": "Consultation - Service",
            "amount": 3000.0,
            "payment_method": "Bank Transfer",
            "payment_source": "Petty Cash",
            "is_paid": true,
            "tax_amount": 0.0,
            "contact_id": null,
            "related_id": null
        },
        {
            "id": "c66803b4-5078-422d-a07a-c0e78000db0f",
            "date": "2025-11-04",
            "type": "EXPENSE",
            "category": "Transportation",
            "description": "Transportation - Batch A",
            "amount": 570.0,
            "payment_method": "Credit Card",
            "payment_source": "Company Account",
            "is_paid": true,
            "tax_amount": 0.0,
            "contact_id": null,
            "related_id": null
        },
        {
            "id": "f4b8715d-7bef-4b36-9bba-158b36a49aca",
            "date": "2025-11-06",
            "type": "EXPENSE",
            "category": "Utilities",
            "description": "Utilities - Service",
            "amount": 704.0,
            "payment_method": "Credit Card",
            "payment_source": "Company Account",
            "is_paid": true,
            "tax_amount": 0.0,
            "contact_id": null,
            "related_id": null
        },
        {
            "id": "df554ef4-1728-4e05-9760-aadd310bec64",
            "date": "2025-11-09",
            "type": "SALE",
            "category": "Consultation",
            "description": "Consultation - Batch A",
            "amount": 1690.0,
            "payment_method": "Credit Card",
            "payment_source": "Company Account",
            "is_paid": true,
            "tax_amount": 169.0,
            "contact_id": null,
            "related_id": null
        },
        {
            "id": "a4d2ee56-1966-4528-9a21-672a442b1c51",
            "date": "2025-11-10",
            "type": "EXPENSE",
            "category": "Utilities",
            "description": "Utilities - Restock",
            "amount": 630.0,
            "payment_method": "Bank Transfer",
            "payment_source": "Company Account",
            "is_paid": true,
            "tax_amount": 0.0,
            "contact_id": null,
            "related_id": null
        },
        {
            "id": "254d4c0f-9e70-4d47-8312-7b6d6a20b4fc",
            "date": "2025-11-14",
            "type": "EXPENSE",
            "category": "Utilities",
            "description": "Utilities - Service",
            "amount": 518.0,
            "payment_method": "Bank Transfer",
            "payment_source": "Petty Cash",
            "is_paid": true,
            "tax_amount": 0.0,
            "contact_id": null,
            "related_id": null
        },
        {
            "id": "049ec5ed-cc23-4287-9a09-5dd49873e074",
            "date": "2025-11-15",
            "type": "EXPENSE",
            "category": "Rent",
            "description": "Rent - Restock",
            "amount": 559.0,
            "payment_method": "Credit Card",
            "payment_source": "Petty Cash",
            "is_paid": true,
            "tax_amount": 55.900000000000006,
            "contact_id": null,
            "related_id": null
        },
        {
            "id": "0d4c220f-073c-4eb7-97db-8d98a3589790",
            "date": "2025-11-16",
            "type": "EXPENSE",
            "category": "Transportation",
            "description": "Transportation - Service",
            "amount": 124.0,
            "payment_method": "Credit Card",
            "payment_source": "Petty Cash",
            "is_paid": true,
            "tax_amount": 0.0,
            "contact_id": null,
            "related_id": null
        },
        {
            "id": "56216793-df5a-4d1d-bdb9-a15d9e861040",
            "date": "2025-11-17",
            "type": "EXPENSE",
            "category": "Transportation",
            "description": "Transportation -  Urgent",
            "amount": 69.0,
            "payment_method": "Bank Transfer",
            "payment_source": "Company Account",
            "is_paid": true,
            "tax_amount": 6.9,
            "contact_id": null,
            "related_id": null
        },
        {
            "id": "34bc744e-4fbd-4f39-befa-aaf176909ef4",
            "date": "2025-11-19",
            "type": "EXPENSE",
            "category": "Rent",
            "description": "Rent - Service",
            "amount": 526.0,
            "payment_method": "Cash",
            "payment_source": "Petty Cash",
            "is_paid": true,
            "tax_amount": 52.6,
            "contact_id": null,
            "related_id": null
        },
        {
            "id": "a318a7cd-a223-4918-8778-b74aa1f35c33",
            "date": "2025-11-21",
            "type": "EXPENSE",
            "category": "Rent",
            "description": "Rent - Service",
            "amount": 87.0,
            "payment_method": "Credit Card",
            "payment_source": "Petty Cash",
            "is_paid": true,
            "tax_amount": 0.0,
            "contact_id": null,
            "related_id": null
        },
        {
            "id": "9722d025-fe41-497a-b7fa-c1914fc6df3c",
            "date": "2025-11-22",
            "type": "EXPENSE",
            "category": "Utilities",
            "description": "Utilities -  Urgent",
            "amount": 649.0,
            "payment_method": "Credit Card",
            "payment_source": "Company Account",
            "is_paid": true,
            "tax_amount": 0.0,
            "contact_id": null,
            "related_id": null
        },
        {
            "id": "468a1154-a8e0-43aa-9b28-ed16c4b1329e",
            "date": "2025-11-23",
            "type": "SALE",
            "category": "Repair Service",
            "description": "Repair Service -  Urgent",
            "amount": 3821.0,
            "payment_method": "Bank Transfer",
            "payment_source": "Company Account",
            "is_paid": true,
            "tax_amount": 382.1,
            "contact_id": null,
            "related_id": null
        },
        {
            "id": "24a97ee6-845e-454d-9bd1-ad1641446c48",
            "date": "2025-11-24",
            "type": "EXPENSE",
            "category": "Tools",
            "description": "Tools - Batch A",
            "amount": 639.0,
            "payment_method": "Cash",
            "payment_source": "Petty Cash",
            "is_paid": true,
            "tax_amount": 63.900000000000006,
            "contact_id": null,
            "related_id": null
        },
        {
            "id": "97bac979-207a-483c-a03a-2e30f9fdb4e0",
            "date": "2025-11-25",
            "type": "SALE",
            "category": "Repair Service",
            "description": "Repair Service - Restock",
            "amount": 1989.0,
            "payment_method": "Bank Transfer",
            "payment_source": "Company Account",
            "is_paid": true,
            "tax_amount": 198.9,
            "contact_id": null,
            "related_id": null
        },
        {
            "id": "0473bac5-d781-427b-bec0-4360c53a7596",
            "date": "2025-11-26",
            "type": "EXPENSE",
            "category": "Tools",
            "description": "Tools - Batch A",
            "amount": 641.0,
            "payment_method": "Bank Transfer",
            "payment_source": "Company Account",
            "is_paid": true,
            "tax_amount": 64.10000000000001,
            "contact_id": null,
            "related_id": null
        },
        {
            "id": "b249771d-08b7-488d-9482-557450e00886",
            "date": "2025-11-30",
            "type": "EXPENSE",
            "category": "Raw Materials",
            "description": "Raw Materials - Restock",
            "amount": 213.0,
            "payment_method": "Bank Transfer",
            "payment_source": "Petty Cash",
            "is_paid": true,
            "tax_amount": 0.0,
            "contact_id": null,
            "related_id": null
        },
        {
            "id": "a989bab1-9ed1-404a-a3f8-2fbd93fdbaba",
            "date": "2025-12-01",
            "type": "EXPENSE",
            "category": "Tools",
            "description": "Tools - Batch A",
            "amount": 441.0,
            "payment_method": "Bank Transfer",
            "payment_source": "Company Account",
            "is_paid": true,
            "tax_amount": 44.1,
            "contact_id": null,
            "related_id": null
        },
        {
            "id": "caa4869b-676b-47e0-b9bf-b2bd08337606",
            "date": "2025-12-02",
            "type": "EXPENSE",
            "category": "Raw Materials",
            "description": "Raw Materials - Restock",
            "amount": 680.0,
            "payment_method": "Cash",
            "payment_source": "Company Account",
            "is_paid": true,
            "tax_amount": 68.0,
            "contact_id": null,
            "related_id": null
        },
        {
            "id": "f9d0d7be-2cf4-47ad-9d88-fce7e4752913",
            "date": "2025-12-04",
            "type": "EXPENSE",
            "category": "Utilities",
            "description": "Utilities -  Urgent",
            "amount": 56.0,
            "payment_method": "Credit Card",
            "payment_source": "Petty Cash",
            "is_paid": true,
            "tax_amount": 5.6000000000000005,
            "contact_id": null,
            "related_id": null
        },
        {
            "id": "7cb18294-efc3-4a59-9ebc-5b63e2a2a384",
            "date": "2025-12-05",
            "type": "EXPENSE",
            "category": "Tools",
            "description": "Tools -  Urgent",
            "amount": 549.0,
            "payment_method": "Credit Card",
            "payment_source": "Petty Cash",
            "is_paid": true,
            "tax_amount": 0.0,
            "contact_id": null,
            "related_id": null
        },
        {
            "id": "d16faed8-7a50-42f2-a756-1492c76a4418",
            "date": "2025-12-06",
            "type": "EXPENSE",
            "category": "Raw Materials",
            "description": "Raw Materials -  Urgent",
            "amount": 77.0,
            "payment_method": "Bank Transfer",
            "payment_source": "Petty Cash",
            "is_paid": true,
            "tax_amount": 0.0,
            "contact_id": null,
            "related_id": null
        },
        {
            "id": "84b8890d-bf10-4483-8744-0192a3648156",
            "date": "2025-12-07",
            "type": "EXPENSE",
            "category": "Raw Materials",
            "description": "Raw Materials -  Urgent",
            "amount": 342.0,
            "payment_method": "Credit Card",
            "payment_source": "Petty Cash",
            "is_paid": true,
            "tax_amount": 34.2,
            "contact_id": null,
            "related_id": null
        },
        {
            "id": "d85738ae-027e-46a7-a730-a16367ea6458",
            "date": "2025-12-08",
            "type": "EXPENSE",
            "category": "Rent",
            "description": "Rent - Batch A",
            "amount": 642.0,
            "payment_method": "Cash",
            "payment_source": "Company Account",
            "is_paid": true,
            "tax_amount": 0.0,
            "contact_id": null,
            "related_id": null
        },
        {
            "id": "e0fed5f6-af49-4a3d-ac95-a4297c519ea9",
            "date": "2025-12-10",
            "type": "EXPENSE",
            "category": "Rent",
            "description": "Rent - Restock",
            "amount": 335.0,
            "payment_method": "Credit Card",
            "payment_source": "Petty Cash",
            "is_paid": true,
            "tax_amount": 0.0,
            "contact_id": null,
            "related_id": null
        },
        {
            "id": "6c3ed168-47c5-4f55-9fd7-4f2d3f354a1f",
            "date": "2025-12-11",
            "type": "EXPENSE",
            "category": "Marketing",
            "description": "Marketing - Service",
            "amount": 694.0,
            "payment_method": "Cash",
            "payment_source": "Company Account",
            "is_paid": true,
            "tax_amount": 0.0,
            "contact_id": null,
            "related_id": null
        },
        {
            "id": "44d81acf-8323-4df6-ae8e-4e720cefe84b",
            "date": "2025-12-13",
            "type": "SALE",
            "category": "Project Payment",
            "description": "Project Payment - Restock",
            "amount": 1792.0,
            "payment_method": "Credit Card",
            "payment_source": "Company Account",
            "is_paid": true,
            "tax_amount": 179.20000000000002,
            "contact_id": null,
            "related_id": null
        },
        {
            "id": "a8a359a9-acb5-4a47-8fe0-fdbb68d6867a",
            "date": "2025-12-14",
            "type": "EXPENSE",
            "category": "Rent",
            "description": "Rent - Batch A",
            "amount": 249.0,
            "payment_method": "Credit Card",
            "payment_source": "Company Account",
            "is_paid": true,
            "tax_amount": 0.0,
            "contact_id": null,
            "related_id": null
        },
        {
            "id": "076c46f9-88e2-47c4-9062-cc5f835ee714",
            "date": "2025-12-15",
            "type": "SALE",
            "category": "Project Payment",
            "description": "Project Payment - Service",
            "amount": 2968.0,
            "payment_method": "Credit Card",
            "payment_source": "Company Account",
            "is_paid": true,
            "tax_amount": 296.8,
            "contact_id": null,
            "related_id": null
        },
        {
            "id": "0d7e2de3-b782-42f3-a096-9d678992f367",
            "date": "2025-12-16",
            "type": "EXPENSE",
            "category": "Transportation",
            "description": "Transportation - Restock",
            "amount": 294.0,
            "payment_method": "Bank Transfer",
            "payment_source": "Petty Cash",
            "is_paid": true,
            "tax_amount": 0.0,
            "contact_id": null,
            "related_id": null
        },
        {
            "id": "77eff6da-ebd2-4588-857a-59e669813681",
            "date": "2025-12-17",
            "type": "EXPENSE",
            "category": "Raw Materials",
            "description": "Raw Materials - Batch A",
            "amount": 64.0,
            "payment_method": "Cash",
            "payment_source": "Petty Cash",
            "is_paid": true,
            "tax_amount": 0.0,
            "contact_id": null,
            "related_id": null
        },
        {
            "id": "a0c6490e-46b5-4e2d-b899-e506e789e585",
            "date": "2025-12-18",
            "type": "SALE",
            "category": "Consultation",
            "description": "Consultation -  Urgent",
            "amount": 3378.0,
            "payment_method": "Credit Card",
            "payment_source": "Company Account",
            "is_paid": true,
            "tax_amount": 0.0,
            "contact_id": null,
            "related_id": null
        },
        {
            "id": "e8090b39-3377-4f63-bfbe-3c38dbf169d5",
            "date": "2025-12-19",
            "type": "SALE",
            "category": "Project Payment",
            "description": "Project Payment - Restock",
            "amount": 4114.0,
            "payment_method": "Credit Card",
            "payment_source": "Petty Cash",
            "is_paid": true,
            "tax_amount": 411.40000000000003,
            "contact_id": null,
            "related_id": null
        },
        {
            "id": "17b6d14b-c05c-4790-9669-a973cff8ba72",
            "date": "2025-12-21",
            "type": "EXPENSE",
            "category": "Rent",
            "description": "Rent - Service",
            "amount": 787.0,
            "payment_method": "Bank Transfer",
            "payment_source": "Petty Cash",
            "is_paid": true,
            "tax_amount": 0.0,
            "contact_id": null,
            "related_id": null
        },
        {
            "id": "79fd82aa-9322-405a-bcfd-f48bba177a0c",
            "date": "2025-12-23",
            "type": "SALE",
            "category": "Consultation",
            "description": "Consultation - Service",
            "amount": 1463.0,
            "payment_method": "Bank Transfer",
            "payment_source": "Company Account",
            "is_paid": true,
            "tax_amount": 146.3,
            "contact_id": null,
            "related_id": null
        },
        {
            "id": "09304af0-93ae-41a1-b740-77a4c8e33398",
            "date": "2025-12-25",
            "type": "EXPENSE",
            "category": "Raw Materials",
            "description": "Raw Materials - Restock",
            "amount": 440.0,
            "payment_method": "Bank Transfer",
            "payment_source": "Petty Cash",
            "is_paid": true,
            "tax_amount": 0.0,
            "contact_id": null,
            "related_id": null
        },
        {
            "id": "92158533-2cf5-4842-b24b-cf0da1f0a5a6",
            "date": "2025-12-27",
            "type": "EXPENSE",
            "category": "Marketing",
            "description": "Marketing -  Urgent",
            "amount": 176.0,
            "payment_method": "Cash",
            "payment_source": "Company Account",
            "is_paid": true,
            "tax_amount": 0.0,
            "contact_id": null,
            "related_id": null
        },
        {
            "id": "5a8729fb-fd90-4da7-a1d3-74ff2ffde71b",
            "date": "2025-12-28",
            "type": "EXPENSE",
            "category": "Tools",
            "description": "Tools - Batch A",
            "amount": 545.0,
            "payment_method": "Credit Card",
            "payment_source": "Petty Cash",
            "is_paid": true,
            "tax_amount": 0.0,
            "contact_id": null,
            "related_id": null
        },
        {
            "id": "1d0dea5f-5355-425b-a9af-2acf9a599a6f",
            "date": "2025-12-29",
            "type": "SALE",
            "category": "Consultation",
            "description": "Consultation -  Urgent",
            "amount": 4920.0,
            "payment_method": "Bank Transfer",
            "payment_source": "Petty Cash",
            "is_paid": true,
            "tax_amount": 0.0,
            "contact_id": null,
            "related_id": null
        },
        {
            "id": "4112079c-18af-449d-a8eb-2f171e20406e",
            "date": "2025-12-30",
            "type": "EXPENSE",
            "category": "Rent",
            "description": "Rent - Batch A",
            "amount": 428.0,
            "payment_method": "Credit Card",
            "payment_source": "Petty Cash",
            "is_paid": true,
            "tax_amount": 42.800000000000004,
            "contact_id": null,
            "related_id": null
        },
        {
            "id": "97319d3d-6f1d-4191-98be-f1d1b3ee2563",
            "date": "2025-12-31",
            "type": "SALE",
            "category": "Project Payment",
            "description": "Project Payment - Batch A",
            "amount": 2927.0,
            "payment_method": "Cash",
            "payment_source": "Petty Cash",
            "is_paid": true,
            "tax_amount": 0.0,
            "contact_id": null,
            "related_id": null
        },
        {
            "id": "ee933ac8-8cc4-4eeb-9058-bf9b9768130b",
            "date": "2026-01-01",
            "type": "SALE",
            "category": "Consultation",
            "description": "Consultation - Restock",
            "amount": 4763.0,
            "payment_method": "Bank Transfer",
            "payment_source": "Company Account",
            "is_paid": true,
            "tax_amount": 476.3,
            "contact_id": null,
            "related_id": null
        },
        {
            "id": "43a208ed-6d79-4476-80d4-dbbf271b9cf8",
            "date": "2026-01-03",
            "type": "EXPENSE",
            "category": "Utilities",
            "description": "Utilities - Batch A",
            "amount": 166.0,
            "payment_method": "Bank Transfer",
            "payment_source": "Company Account",
            "is_paid": true,
            "tax_amount": 16.6,
            "contact_id": null,
            "related_id": null
        },
        {
            "id": "c568dcd5-6e01-4cce-8065-7e2c1e283165",
            "date": "2026-01-05",
            "type": "SALE",
            "category": "Consultation",
            "description": "Consultation - Batch A",
            "amount": 2862.0,
            "payment_method": "Cash",
            "payment_source": "Petty Cash",
            "is_paid": true,
            "tax_amount": 286.2,
            "contact_id": null,
            "related_id": null
        },
        {
            "id": "c4738b41-a7b9-4442-b8de-c13eba0a4d4e",
            "date": "2026-01-07",
            "type": "EXPENSE",
            "category": "Tools",
            "description": "Tools - Service",
            "amount": 86.0,
            "payment_method": "Credit Card",
            "payment_source": "Company Account",
            "is_paid": true,
            "tax_amount": 0.0,
            "contact_id": null,
            "related_id": null
        },
        {
            "id": "8f106b4c-7c51-490f-99d3-54c4915c4754",
            "date": "2026-01-08",
            "type": "EXPENSE",
            "category": "Marketing",
            "description": "Marketing - Service",
            "amount": 738.0,
            "payment_method": "Cash",
            "payment_source": "Petty Cash",
            "is_paid": true,
            "tax_amount": 73.8,
            "contact_id": null,
            "related_id": null
        },
        {
            "id": "3f28cb6c-e26a-405d-9537-eb1c865d1e81",
            "date": "2026-01-09",
            "type": "EXPENSE",
            "category": "Tools",
            "description": "Tools - Service",
            "amount": 448.0,
            "payment_method": "Credit Card",
            "payment_source": "Petty Cash",
            "is_paid": true,
            "tax_amount": 44.800000000000004,
            "contact_id": null,
            "related_id": null
        },
        {
            "id": "7ae72bd6-9d17-4b43-b7d3-c6557d02e93f",
            "date": "2026-01-10",
            "type": "EXPENSE",
            "category": "Transportation",
            "description": "Transportation - Service",
            "amount": 328.0,
            "payment_method": "Credit Card",
            "payment_source": "Company Account",
            "is_paid": true,
            "tax_amount": 0.0,
            "contact_id": null,
            "related_id": null
        },
        {
            "id": "c2b3d269-b353-4498-a9e1-b9199db644d9",
            "date": "2026-01-11",
            "type": "EXPENSE",
            "category": "Utilities",
            "description": "Utilities - Service",
            "amount": 513.0,
            "payment_method": "Credit Card",
            "payment_source": "Petty Cash",
            "is_paid": true,
            "tax_amount": 51.300000000000004,
            "contact_id": null,
            "related_id": null
        },
        {
            "id": "691d8bc0-8963-4862-ad44-c25076042712",
            "date": "2026-01-12",
            "type": "SALE",
            "category": "Consultation",
            "description": "Consultation - Service",
            "amount": 3974.0,
            "payment_method": "Bank Transfer",
            "payment_source": "Petty Cash",
            "is_paid": true,
            "tax_amount": 397.40000000000003,
            "contact_id": null,
            "related_id": null
        },
        {
            "id": "ec36bba9-7964-4b86-86cf-171fb97d0817",
            "date": "2026-01-13",
            "type": "SALE",
            "category": "Repair Service",
            "description": "Repair Service - Restock",
            "amount": 3567.0,
            "payment_method": "Bank Transfer",
            "payment_source": "Petty Cash",
            "is_paid": true,
            "tax_amount": 0.0,
            "contact_id": null,
            "related_id": null
        },
        {
            "id": "851d9f59-9df8-4f92-9c84-e9787ea9087c",
            "date": "2026-01-14",
            "type": "SALE",
            "category": "Consultation",
            "description": "Consultation - Service",
            "amount": 3671.0,
            "payment_method": "Credit Card",
            "payment_source": "Company Account",
            "is_paid": true,
            "tax_amount": 0.0,
            "contact_id": null,
            "related_id": null
        },
        {
            "id": "047fddfe-e94d-40ee-a76a-189b72a0d5ef",
            "date": "2026-01-15",
            "type": "SALE",
            "category": "Project Payment",
            "description": "Project Payment -  Urgent",
            "amount": 1496.0,
            "payment_method": "Credit Card",
            "payment_source": "Petty Cash",
            "is_paid": true,
            "tax_amount": 0.0,
            "contact_id": null,
            "related_id": null
        },
        {
            "id": "3c24b364-f04a-4d3b-8865-4e56a7eb29f1",
            "date": "2026-01-17",
            "type": "SALE",
            "category": "Project Payment",
            "description": "Project Payment - Service",
            "amount": 2555.0,
            "payment_method": "Cash",
            "payment_source": "Petty Cash",
            "is_paid": true,
            "tax_amount": 255.5,
            "contact_id": null,
            "related_id": null
        }
    ],
    "projects": [],
    "products": [],
    "materials": [],
    "contacts": []
}